<?xml version="1.0" encoding="UTF-8"?>

<ImplementationGuide xmlns="http://hl7.org/fhir">
  <id value="mehi.ig.fhir"/>
  <text>
    <status value="extensions"/><div xmlns="http://www.w3.org/1999/xhtml"><h2>MeHIImplementationGuide</h2><p>The official URL for this implementation guide is: </p><pre>http://mehi-ig.tranquildata.com/ImplementationGuide/mehi.ig.fhir</pre></div>
  </text>
  <url value="http://mehi-ig.tranquildata.com/ImplementationGuide/mehi.ig.fhir"/>
  <version value="0.5.4"/>
  <name value="MeHIImplementationGuide"/>
  <status value="draft"/>
  <date value="2021-12-27T11:26:17-06:00"/>
  <publisher value="MITRE, Inc"/>
  <contact>
    <name value="MITRE, Inc"/>
    <telecom>
      <system value="url"/>
      <value value="https://github.com/mehi/implementation-guide"/>
    </telecom>
  </contact>
  <packageId value="mehi.ig.fhir"/>
  <license value="CC0-1.0"/>
  <fhirVersion value="4.0.1"/>
  <dependsOn id="hl7_fhir_us_core">
    <uri value="http://hl7.org/fhir/us/core/ImplementationGuide/hl7.fhir.us.core"/>
    <packageId value="hl7.fhir.us.core"/>
    <version value="3.2.0"/>
  </dependsOn>
  <definition>
    <extension url="http://hl7.org/fhir/tools/StructureDefinition/ig-parameter">
      <extension url="code">
        <valueString value="copyrightyear"/>
      </extension>
      <extension url="value">
        <valueString value="2021+"/>
      </extension>
    </extension>
    <extension url="http://hl7.org/fhir/tools/StructureDefinition/ig-parameter">
      <extension url="code">
        <valueString value="releaselabel"/>
      </extension>
      <extension url="value">
        <valueString value="ci-build"/>
      </extension>
    </extension>
    <extension url="http://hl7.org/fhir/tools/StructureDefinition/ig-parameter">
      <extension url="code">
        <valueString value="path-liquid"/>
      </extension>
      <extension url="value">
        <valueString value="template/liquid"/>
      </extension>
    </extension>
    <extension url="http://hl7.org/fhir/tools/StructureDefinition/ig-parameter">
      <extension url="code">
        <valueString value="path-liquid"/>
      </extension>
      <extension url="value">
        <valueString value="input/liquid"/>
      </extension>
    </extension>
    <extension url="http://hl7.org/fhir/tools/StructureDefinition/ig-parameter">
      <extension url="code">
        <valueString value="path-qa"/>
      </extension>
      <extension url="value">
        <valueString value="temp/qa"/>
      </extension>
    </extension>
    <extension url="http://hl7.org/fhir/tools/StructureDefinition/ig-parameter">
      <extension url="code">
        <valueString value="path-temp"/>
      </extension>
      <extension url="value">
        <valueString value="temp/pages"/>
      </extension>
    </extension>
    <extension url="http://hl7.org/fhir/tools/StructureDefinition/ig-parameter">
      <extension url="code">
        <valueString value="path-output"/>
      </extension>
      <extension url="value">
        <valueString value="output"/>
      </extension>
    </extension>
    <extension url="http://hl7.org/fhir/tools/StructureDefinition/ig-parameter">
      <extension url="code">
        <valueString value="path-suppressed-warnings"/>
      </extension>
      <extension url="value">
        <valueString value="input/ignoreWarnings.txt"/>
      </extension>
    </extension>
    <extension url="http://hl7.org/fhir/tools/StructureDefinition/ig-parameter">
      <extension url="code">
        <valueString value="path-history"/>
      </extension>
      <extension url="value">
        <valueString value="http://mehi-ig.tranquildata.com/history.html"/>
      </extension>
    </extension>
    <extension url="http://hl7.org/fhir/tools/StructureDefinition/ig-parameter">
      <extension url="code">
        <valueString value="template-html"/>
      </extension>
      <extension url="value">
        <valueString value="template-page.html"/>
      </extension>
    </extension>
    <extension url="http://hl7.org/fhir/tools/StructureDefinition/ig-parameter">
      <extension url="code">
        <valueString value="template-md"/>
      </extension>
      <extension url="value">
        <valueString value="template-page-md.html"/>
      </extension>
    </extension>
    <extension url="http://hl7.org/fhir/tools/StructureDefinition/ig-parameter">
      <extension url="code">
        <valueString value="apply-contact"/>
      </extension>
      <extension url="value">
        <valueString value="true"/>
      </extension>
    </extension>
    <extension url="http://hl7.org/fhir/tools/StructureDefinition/ig-parameter">
      <extension url="code">
        <valueString value="apply-context"/>
      </extension>
      <extension url="value">
        <valueString value="true"/>
      </extension>
    </extension>
    <extension url="http://hl7.org/fhir/tools/StructureDefinition/ig-parameter">
      <extension url="code">
        <valueString value="apply-copyright"/>
      </extension>
      <extension url="value">
        <valueString value="true"/>
      </extension>
    </extension>
    <extension url="http://hl7.org/fhir/tools/StructureDefinition/ig-parameter">
      <extension url="code">
        <valueString value="apply-jurisdiction"/>
      </extension>
      <extension url="value">
        <valueString value="true"/>
      </extension>
    </extension>
    <extension url="http://hl7.org/fhir/tools/StructureDefinition/ig-parameter">
      <extension url="code">
        <valueString value="apply-license"/>
      </extension>
      <extension url="value">
        <valueString value="true"/>
      </extension>
    </extension>
    <extension url="http://hl7.org/fhir/tools/StructureDefinition/ig-parameter">
      <extension url="code">
        <valueString value="apply-publisher"/>
      </extension>
      <extension url="value">
        <valueString value="true"/>
      </extension>
    </extension>
    <extension url="http://hl7.org/fhir/tools/StructureDefinition/ig-parameter">
      <extension url="code">
        <valueString value="apply-version"/>
      </extension>
      <extension url="value">
        <valueString value="true"/>
      </extension>
    </extension>
    <extension url="http://hl7.org/fhir/tools/StructureDefinition/ig-parameter">
      <extension url="code">
        <valueString value="active-tables"/>
      </extension>
      <extension url="value">
        <valueString value="true"/>
      </extension>
    </extension>
    <resource>
      <extension url="http://hl7.org/fhir/tools/StructureDefinition/resource-information">
        <valueString value="StructureDefinition:resource"/>
      </extension>
      <reference>
        <reference value="StructureDefinition/consent-exchange-careteam"/>
      </reference>
      <name value="ConsentExchangeCareTeam"/>
      <description value="CareTeam resource for describing workflow actors and their relationships."/>
      <exampleBoolean value="false"/>
    </resource>
    <resource>
      <extension url="http://hl7.org/fhir/tools/StructureDefinition/resource-information">
        <valueString value="StructureDefinition:resource"/>
      </extension>
      <reference>
        <reference value="StructureDefinition/consent-exchange-consent"/>
      </reference>
      <name value="ConsentExchangeConsent"/>
      <description value="Consent resource for describing actors in an payor-to-payor data exchange workflow."/>
      <exampleBoolean value="false"/>
    </resource>
    <resource>
      <extension url="http://hl7.org/fhir/tools/StructureDefinition/resource-information">
        <valueString value="StructureDefinition:resource"/>
      </extension>
      <reference>
        <reference value="StructureDefinition/consent-exchange-organization"/>
      </reference>
      <name value="ConsentExchangeOrganization"/>
      <description value="Organization resource for describing actors in an payor-to-payor data exchange workflow."/>
      <exampleBoolean value="false"/>
    </resource>
    <resource>
      <extension url="http://hl7.org/fhir/tools/StructureDefinition/resource-information">
        <valueString value="StructureDefinition:resource"/>
      </extension>
      <reference>
        <reference value="StructureDefinition/consent-exchange-patient"/>
      </reference>
      <name value="ConsentExchangePatient"/>
      <description value="Patient resource for describing actors in an payor-to-payor data exchange workflow."/>
      <exampleBoolean value="false"/>
    </resource>
    <resource>
      <extension url="http://hl7.org/fhir/tools/StructureDefinition/resource-information">
        <valueString value="StructureDefinition:resource"/>
      </extension>
      <reference>
        <reference value="StructureDefinition/consent-exchange-practitioner"/>
      </reference>
      <name value="ConsentExchangePractitioner"/>
      <description value="Practitioner resource for describing actors in an payor-to-payor data exchange workflow."/>
      <exampleBoolean value="false"/>
    </resource>
    <resource>
      <extension url="http://hl7.org/fhir/tools/StructureDefinition/resource-information">
        <valueString value="StructureDefinition:resource"/>
      </extension>
      <reference>
        <reference value="StructureDefinition/consent-exchange-related-person"/>
      </reference>
      <name value="ConsentExchangeRelatedPerson"/>
      <description value="RelatedPerson resource for describing actors in an payor-to-payor data exchange workflow."/>
      <exampleBoolean value="false"/>
    </resource>
    <resource>
      <extension url="http://hl7.org/fhir/tools/StructureDefinition/resource-information">
        <valueString value="ValueSet"/>
      </extension>
      <reference>
        <reference value="ValueSet/consent-exchange-category-codes"/>
      </reference>
      <name value="ConsentExchangeCategoryCodes"/>
      <description value="Consent Exchange - Category Codes"/>
      <exampleBoolean value="false"/>
    </resource>
    <resource>
      <extension url="http://hl7.org/fhir/tools/StructureDefinition/resource-information">
        <valueString value="ValueSet"/>
      </extension>
      <reference>
        <reference value="ValueSet/ConsentExchangePolicies"/>
      </reference>
      <name value="ConsentExchangePolicies"/>
      <description value="Consent Exchange - Policies"/>
      <exampleBoolean value="false"/>
    </resource>
    <resource>
      <extension url="http://hl7.org/fhir/tools/StructureDefinition/resource-information">
        <valueString value="ValueSet"/>
      </extension>
      <reference>
        <reference value="ValueSet/ConsentExchangeRelations"/>
      </reference>
      <name value="ConsentExchangeRelations"/>
      <description value="Consent Exchange - Relationships"/>
      <exampleBoolean value="false"/>
    </resource>
    <resource>
      <extension url="http://hl7.org/fhir/tools/StructureDefinition/resource-information">
        <valueString value="ValueSet"/>
      </extension>
      <reference>
        <reference value="ValueSet/consent-exchange-scope-codes"/>
      </reference>
      <name value="ConsentExchangeScopeCodes"/>
      <description value="Consent Exchange - Scope Codes"/>
      <exampleBoolean value="false"/>
    </resource>
    <resource>
      <extension url="http://hl7.org/fhir/tools/StructureDefinition/resource-information">
        <valueString value="CodeSystem"/>
      </extension>
      <reference>
        <reference value="CodeSystem/CmsInteroperabilityPolicyCodes"/>
      </reference>
      <name value="CmsInteroperabilityPolicyCodes"/>
      <description value="Policy provisions defined under CMS-9115-F, CMS Interoperability and Patient Access final rule"/>
      <exampleBoolean value="false"/>
    </resource>
    <resource>
      <extension url="http://hl7.org/fhir/tools/StructureDefinition/resource-information">
        <valueString value="CodeSystem"/>
      </extension>
      <reference>
        <reference value="CodeSystem/ConsentExchangeRelationships"/>
      </reference>
      <name value="ConsentExchangeRelationships"/>
      <description value="Relationships used to model and exchange consent relationships"/>
      <exampleBoolean value="false"/>
    </resource>
    <resource>
      <extension url="http://hl7.org/fhir/tools/StructureDefinition/resource-information">
        <valueString value="CodeSystem"/>
      </extension>
      <reference>
        <reference value="CodeSystem/PayorToPayorExchangePolicyCodes"/>
      </reference>
      <name value="PayorToPayorExchangePolicyCodes"/>
      <description value="Policy codes used to define legal frameworks under which consent exchange occurs between payors."/>
      <exampleBoolean value="false"/>
    </resource>
    <resource>
      <extension url="http://hl7.org/fhir/tools/StructureDefinition/resource-information">
        <valueString value="Bundle"/>
      </extension>
      <reference>
        <reference value="Bundle/Jennifer-Consents-MA"/>
      </reference>
      <name value="Jennifer-Consents-MA"/>
      <description value="Example of all Jennifer Smith consent records from Massachuesettes delivered delivered in a bundle of files."/>
      <exampleBoolean value="true"/>
    </resource>
    <resource>
      <extension url="http://hl7.org/fhir/tools/StructureDefinition/resource-information">
        <valueString value="Consent"/>
      </extension>
      <reference>
        <reference value="Consent/Jennifer-MA-Rollup"/>
      </reference>
      <name value="jennifer-ma-rollup"/>
      <description value="Example rollup of all Jennifer Smith consent records from Massachuesettes delivered in a single file."/>
      <exampleBoolean value="true"/>
    </resource>
    <resource>
      <extension url="http://hl7.org/fhir/tools/StructureDefinition/resource-information">
        <valueString value="Medication"/>
      </extension>
      <reference>
        <reference value="Medication/estrodiol-contraceptive"/>
      </reference>
      <name value="estrodiol-contraceptive"/>
      <description value="Contraceptive birth control medication."/>
      <exampleBoolean value="true"/>
    </resource>
    <resource>
      <extension url="http://hl7.org/fhir/tools/StructureDefinition/resource-information">
        <valueString value="Consent"/>
      </extension>
      <reference>
        <reference value="Consent/example1"/>
      </reference>
      <name value="example1"/>
      <description value="Example 1"/>
      <exampleBoolean value="true"/>
    </resource>
    <resource>
      <extension url="http://hl7.org/fhir/tools/StructureDefinition/resource-information">
        <valueString value="Consent"/>
      </extension>
      <reference>
        <reference value="Consent/example2"/>
      </reference>
      <name value="example2"/>
      <description value="Example 2"/>
      <exampleBoolean value="true"/>
    </resource>
    <resource>
      <extension url="http://hl7.org/fhir/tools/StructureDefinition/resource-information">
        <valueString value="Patient"/>
      </extension>
      <reference>
        <reference value="Patient/jane-doe"/>
      </reference>
      <name value="jane-doe"/>
      <description value="Jane Doe patient not part of relationship model, used for checking security access."/>
      <exampleCanonical value="http://mehi-ig.tranquildata.com/StructureDefinition/consent-exchange-patient"/>
    </resource>
    <resource>
      <extension url="http://hl7.org/fhir/tools/StructureDefinition/resource-information">
        <valueString value="Patient"/>
      </extension>
      <reference>
        <reference value="Patient/jennifer-smith"/>
      </reference>
      <name value="jennifer-smith"/>
      <description value="Jennifer Smith - Patient demographics record."/>
      <exampleCanonical value="http://mehi-ig.tranquildata.com/StructureDefinition/consent-exchange-patient"/>
    </resource>
    <resource>
      <extension url="http://hl7.org/fhir/tools/StructureDefinition/resource-information">
        <valueString value="Consent"/>
      </extension>
      <reference>
        <reference value="Consent/jennifersmith-al-1"/>
      </reference>
      <name value="jennifersmith-al-1"/>
      <description value="Consent record from Alabama"/>
      <exampleBoolean value="true"/>
    </resource>
    <resource>
      <extension url="http://hl7.org/fhir/tools/StructureDefinition/resource-information">
        <valueString value="Consent"/>
      </extension>
      <reference>
        <reference value="Consent/jennifersmith-ma-1"/>
      </reference>
      <name value="jennifersmith-ma-1"/>
      <description value="Consent record from Massachuesetts for treatment."/>
      <exampleBoolean value="true"/>
    </resource>
    <resource>
      <extension url="http://hl7.org/fhir/tools/StructureDefinition/resource-information">
        <valueString value="Consent"/>
      </extension>
      <reference>
        <reference value="Consent/jennifersmith-ma-2"/>
      </reference>
      <name value="jennifersmith-ma-2"/>
      <description value="Consent record from Massachuesetts for parental access."/>
      <exampleBoolean value="true"/>
    </resource>
    <resource>
      <extension url="http://hl7.org/fhir/tools/StructureDefinition/resource-information">
        <valueString value="Consent"/>
      </extension>
      <reference>
        <reference value="Consent/johnsmith-consent-mass-community-insurance"/>
      </reference>
      <name value="johnsmith-consent-mass-community-insurance"/>
      <description value="Consent for AMCE Insurance to share data with Mass."/>
      <exampleBoolean value="true"/>
    </resource>
    <resource>
      <extension url="http://hl7.org/fhir/tools/StructureDefinition/resource-information">
        <valueString value="Consent"/>
      </extension>
      <reference>
        <reference value="Consent/johnsmith-consent-org-acme-insurance"/>
      </reference>
      <name value="johnsmith-consent-org-acme-insurance"/>
      <description value="Consent for AMCE Insurance to access hospital data."/>
      <exampleBoolean value="true"/>
    </resource>
    <resource>
      <extension url="http://hl7.org/fhir/tools/StructureDefinition/resource-information">
        <valueString value="Consent"/>
      </extension>
      <reference>
        <reference value="Consent/johnsmith-consent-org-pillbox"/>
      </reference>
      <name value="johnsmith-consent-org-pillbox"/>
      <description value="Consent to access data for Pillbox app"/>
      <exampleBoolean value="true"/>
    </resource>
    <resource>
      <extension url="http://hl7.org/fhir/tools/StructureDefinition/resource-information">
        <valueString value="Consent"/>
      </extension>
      <reference>
        <reference value="Consent/johnsmith-consent-plentyrx"/>
      </reference>
      <name value="johnsmith-consent-plentyrx"/>
      <description value="Consent to access data for Pillbox app"/>
      <exampleBoolean value="true"/>
    </resource>
    <resource>
      <extension url="http://hl7.org/fhir/tools/StructureDefinition/resource-information">
        <valueString value="Consent"/>
      </extension>
      <reference>
        <reference value="Consent/johnsmith-consent-plentyrx-revoke"/>
      </reference>
      <name value="johnsmith-consent-plentyrx-revoke"/>
      <description value="Consent to access data for PlentyRx app after it was revoked."/>
      <exampleBoolean value="true"/>
    </resource>
    <resource>
      <extension url="http://hl7.org/fhir/tools/StructureDefinition/resource-information">
        <valueString value="MedicationRequest"/>
      </extension>
      <reference>
        <reference value="MedicationRequest/medreq-1234557"/>
      </reference>
      <name value="medreq-1234557"/>
      <description value="Medication prescription writtin in Alabama by Dr. Shuman"/>
      <exampleBoolean value="true"/>
    </resource>
    <resource>
      <extension url="http://hl7.org/fhir/tools/StructureDefinition/resource-information">
        <valueString value="MedicationRequest"/>
      </extension>
      <reference>
        <reference value="MedicationRequest/medreq-22348957"/>
      </reference>
      <name value="medreq-22348957"/>
      <description value="Medication prescription writtin in Massachuesetts by Dr. Yin"/>
      <exampleBoolean value="true"/>
    </resource>
    <resource>
      <extension url="http://hl7.org/fhir/tools/StructureDefinition/resource-information">
        <valueString value="Organization"/>
      </extension>
      <reference>
        <reference value="Organization/org-acme-insurance"/>
      </reference>
      <name value="org-acme-insurance"/>
      <description value="ACME Insurance Company (Payor 1)"/>
      <exampleBoolean value="true"/>
    </resource>
    <resource>
      <extension url="http://hl7.org/fhir/tools/StructureDefinition/resource-information">
        <valueString value="Organization"/>
      </extension>
      <reference>
        <reference value="Organization/org-mass-community-insurance"/>
      </reference>
      <name value="org-mass-community-insurance"/>
      <description value="Massachusetts Community Insurance (Payor 2)"/>
      <exampleBoolean value="true"/>
    </resource>
    <resource>
      <extension url="http://hl7.org/fhir/tools/StructureDefinition/resource-information">
        <valueString value="Organization"/>
      </extension>
      <reference>
        <reference value="Organization/org-pillbox"/>
      </reference>
      <name value="org-pillbox"/>
      <description value="Online pharmacy organization that offers a mobile app."/>
      <exampleBoolean value="true"/>
    </resource>
    <resource>
      <extension url="http://hl7.org/fhir/tools/StructureDefinition/resource-information">
        <valueString value="Organization"/>
      </extension>
      <reference>
        <reference value="Organization/org-plentyrx"/>
      </reference>
      <name value="org-plentyrx"/>
      <description value="Online pharmacy organization that offers a mobile app."/>
      <exampleBoolean value="true"/>
    </resource>
    <resource>
      <extension url="http://hl7.org/fhir/tools/StructureDefinition/resource-information">
        <valueString value="Organization"/>
      </extension>
      <reference>
        <reference value="Organization/org-together-health"/>
      </reference>
      <name value="org-together-health"/>
      <description value="Clinical management software with patient portal."/>
      <exampleBoolean value="true"/>
    </resource>
    <resource>
      <extension url="http://hl7.org/fhir/tools/StructureDefinition/resource-information">
        <valueString value="Patient"/>
      </extension>
      <reference>
        <reference value="Patient/patient-john-smith"/>
      </reference>
      <name value="patient-john-smith"/>
      <description value="John Smith - Patient demographics record."/>
      <exampleCanonical value="http://mehi-ig.tranquildata.com/StructureDefinition/consent-exchange-patient"/>
    </resource>
    <resource>
      <extension url="http://hl7.org/fhir/tools/StructureDefinition/resource-information">
        <valueString value="Practitioner"/>
      </extension>
      <reference>
        <reference value="Practitioner/practitioner-alice-yin"/>
      </reference>
      <name value="practitioner-alice-yin"/>
      <description value="Dr. Alice Yin - Clinical practitioner located in Massacheusetts."/>
      <exampleBoolean value="true"/>
    </resource>
    <resource>
      <extension url="http://hl7.org/fhir/tools/StructureDefinition/resource-information">
        <valueString value="Practitioner"/>
      </extension>
      <reference>
        <reference value="Practitioner/practitioner-bernard-shuman"/>
      </reference>
      <name value="practitioner-bernard-shuman"/>
      <description value="Dr. Bernard Shuman - Clinical practitioner located in Alabama."/>
      <exampleBoolean value="true"/>
    </resource>
    <resource>
      <extension url="http://hl7.org/fhir/tools/StructureDefinition/resource-information">
        <valueString value="RelatedPerson"/>
      </extension>
      <reference>
        <reference value="RelatedPerson/related-person-jane-smith"/>
      </reference>
      <name value="related-person-jane-smith"/>
      <description value="Jane Smith - Parental relationship record."/>
      <exampleBoolean value="true"/>
    </resource>
    <resource>
      <extension url="http://hl7.org/fhir/tools/StructureDefinition/resource-information">
        <valueString value="RelatedPerson"/>
      </extension>
      <reference>
        <reference value="RelatedPerson/related-person-jane-smith-wife"/>
      </reference>
      <name value="related-person-jane-smith-wife"/>
      <description value="Jane Smith - Spouse relationship record."/>
      <exampleCanonical value="http://mehi-ig.tranquildata.com/StructureDefinition/consent-exchange-related-person"/>
    </resource>
    <resource>
      <extension url="http://hl7.org/fhir/tools/StructureDefinition/resource-information">
        <valueString value="RelatedPerson"/>
      </extension>
      <reference>
        <reference value="RelatedPerson/related-person-jennifer-smith-daughter"/>
      </reference>
      <name value="related-person-jennifer-smith-daughter"/>
      <description value="Jennifer Smith - Daughter relationship record."/>
      <exampleCanonical value="http://mehi-ig.tranquildata.com/StructureDefinition/consent-exchange-related-person"/>
    </resource>
    <resource>
      <extension url="http://hl7.org/fhir/tools/StructureDefinition/resource-information">
        <valueString value="RelatedPerson"/>
      </extension>
      <reference>
        <reference value="RelatedPerson/related-person-john-smith"/>
      </reference>
      <name value="related-person-john-smith"/>
      <description value="John Smith - Parental relationship record."/>
      <exampleBoolean value="true"/>
    </resource>
    <resource>
      <extension url="http://hl7.org/fhir/tools/StructureDefinition/resource-information">
        <valueString value="RelatedPerson"/>
      </extension>
      <reference>
        <reference value="RelatedPerson/stranger-001"/>
      </reference>
      <name value="stranger-001"/>
      <description value="A random stranger to test security access against."/>
      <exampleBoolean value="true"/>
    </resource>
    <page>
      <nameUrl value="toc.html"/>
      <title value="Table of Contents"/>
      <generation value="html"/>
      <page>
        <nameUrl value="index.html"/>
        <title value="Consent Exchange Implementation Guide"/>
        <generation value="markdown"/>
      </page>
      <page>
        <nameUrl value="example1.html"/>
        <title value="Payor To Payor"/>
        <generation value="markdown"/>
      </page>
      <page>
        <nameUrl value="example2.html"/>
        <title value="Organizational Relationships"/>
        <generation value="markdown"/>
      </page>
    </page>
    <parameter>
      <code value="path-resource"/>
      <value value="input/capabilities"/>
    </parameter>
    <parameter>
      <code value="path-resource"/>
      <value value="input/examples"/>
    </parameter>
    <parameter>
      <code value="path-resource"/>
      <value value="input/extensions"/>
    </parameter>
    <parameter>
      <code value="path-resource"/>
      <value value="input/models"/>
    </parameter>
    <parameter>
      <code value="path-resource"/>
      <value value="input/operations"/>
    </parameter>
    <parameter>
      <code value="path-resource"/>
      <value value="input/profiles"/>
    </parameter>
    <parameter>
      <code value="path-resource"/>
      <value value="input/resources"/>
    </parameter>
    <parameter>
      <code value="path-resource"/>
      <value value="input/vocabulary"/>
    </parameter>
    <parameter>
      <code value="path-resource"/>
      <value value="input/maps"/>
    </parameter>
    <parameter>
      <code value="path-resource"/>
      <value value="input/testing"/>
    </parameter>
    <parameter>
      <code value="path-resource"/>
      <value value="input/history"/>
    </parameter>
    <parameter>
      <code value="path-resource"/>
      <value value="fsh-generated/resources"/>
    </parameter>
    <parameter>
      <code value="path-pages"/>
      <value value="template/config"/>
    </parameter>
    <parameter>
      <code value="path-pages"/>
      <value value="input/images"/>
    </parameter>
    <parameter>
      <code value="path-tx-cache"/>
      <value value="input-cache/txcache"/>
    </parameter>
  </definition>
</ImplementationGuide>