{
  "resourceType": "Organization",
  "id": "org-together-health",
  "meta": {
    "versionId": "1",
    "lastUpdated": "2021-09-13T00:00:00.0000+00:00",
    "profile": [
      "http://hl7.org/fhir/us/core/StructureDefinition/us-core-organization"
    ]
  },
  "text": {
    "status": "generated",
    "div": "<div xmlns=\"http://www.w3.org/1999/xhtml\"><p><b>Generated Narrative</b></p><p><b>active</b>: true</p><p><b>name</b>: Together Health</p><p><b>address</b>: 132th St, Underland Park, KS 66223</p></div>"
  },
  "active": true,
  "name": "Together Health",
  "address": [
    {
      "text": "132th St, Underland Park, KS 66223",
      "line": [
        "132th Street,"
      ],
      "city": "Underland Park",
      "state": "KS",
      "postalCode": "66223"
    }
  ]
}