<?xml version="1.0" encoding="UTF-8"?>

<Practitioner xmlns="http://hl7.org/fhir">
  <id value="practitioner-bernard-shuman"/>
  <text>
    <status value="generated"/><div xmlns="http://www.w3.org/1999/xhtml"><p><b>Generated Narrative</b></p><p><b>active</b>: true</p><p><b>name</b>: BERNARD SHUMAN </p><p><b>telecom</b>: ph: 555-555-1120(HOME)</p><p><b>address</b>: 1120 Maple St Birmingham AL 35242 US </p><p><b>gender</b>: male</p><p><b>birthDate</b>: 1965-03-24</p></div>
  </text>
  <active value="true"/>
  <name>
    <family value="SHUMAN"/>
    <given value="BERNARD"/>
  </name>
  <telecom>
    <system value="phone"/>
    <value value="555-555-1120"/>
    <use value="home"/>
  </telecom>
  <address>
    <line value="1120 Maple St"/>
    <city value="Birmingham"/>
    <state value="AL"/>
    <postalCode value="35242"/>
    <country value="US"/>
  </address>
  <gender value="male"/>
  <birthDate value="1965-03-24"/>
</Practitioner>