<?xml version="1.0" encoding="UTF-8"?>

<ValueSet xmlns="http://hl7.org/fhir">
  <id value="consent-exchange-scope-codes"/>
  <text>
    <status value="extensions"/><div xmlns="http://www.w3.org/1999/xhtml"><p>This value set includes codes based on the following rules:</p><ul><li>Import all the codes that are contained in <a href="http://terminology.hl7.org/3.0.0/ValueSet-consent-scope.html">http://terminology.hl7.org/ValueSet/consent-scope</a></li></ul><p>This value set excludes codes based on the following rules:</p><ul><li>Exclude these codes as defined in <a href="http://terminology.hl7.org/3.0.0/CodeSystem-consentscope.html"><code>http://terminology.hl7.org/CodeSystem/consentscope</code></a><table class="none"><tr><td style="white-space:nowrap"><b>Code</b></td><td><b>Display</b></td><td><b>Definition</b></td></tr><tr><td><a href="http://terminology.hl7.org/3.0.0/CodeSystem-consentscope.html#consentscope-research">research</a></td><td>Research</td><td>Consent to participate in research protocol and information sharing required</td></tr><tr><td><a href="http://terminology.hl7.org/3.0.0/CodeSystem-consentscope.html#consentscope-treatment">treatment</a></td><td>Treatment</td><td>Consent to undergo a specific treatment</td></tr></table></li></ul></div>
  </text>
  <url value="http://mehi-ig.tranquildata.com/ValueSet/consent-exchange-scope-codes"/>
  <version value="0.5.4"/>
  <name value="ConsentExchangeScopeCodes"/>
  <title value="ConsentExchangeScopeCodes"/>
  <status value="active"/>
  <date value="2021-12-12T21:17:13-06:00"/>
  <publisher value="MITRE, Inc"/>
  <contact>
    <name value="MITRE, Inc"/>
    <telecom>
      <system value="url"/>
      <value value="https://github.com/mehi/implementation-guide"/>
    </telecom>
  </contact>
  <description value="Consent Exchange - Scope Codes"/>
  <compose>
    <include>
      <valueSet value="http://terminology.hl7.org/ValueSet/consent-scope"/>
    </include>
    <exclude>
      <system value="http://terminology.hl7.org/CodeSystem/consentscope"/>
      <concept>
        <code value="research"/>
      </concept>
      <concept>
        <code value="treatment"/>
      </concept>
    </exclude>
  </compose>
</ValueSet>