<?xml version="1.0" encoding="UTF-8"?>

<ValueSet xmlns="http://hl7.org/fhir">
  <id value="ConsentExchangeRelations"/>
  <text>
    <status value="generated"/><div xmlns="http://www.w3.org/1999/xhtml"><p>This value set includes codes based on the following rules:</p><ul><li>Import all the codes that are contained in <a href="http://hl7.org/fhir/R4/valueset-relatedperson-relationshiptype.html">http://hl7.org/fhir/ValueSet/relatedperson-relationshiptype</a></li><li>Import all the codes that are contained in <a href="http://hl7.org/fhir/R4/valueset-practitioner-role.html">http://hl7.org/fhir/ValueSet/practitioner-role</a></li><li>Import all the codes that are contained in <a href="http://hl7.org/fhir/R4/valueset-participant-role.html">http://hl7.org/fhir/ValueSet/participant-role</a></li><li>Import all the codes that are contained in <a href="http://hl7.org/fhir/R4/valueset-security-role-type.html">http://hl7.org/fhir/ValueSet/security-role-type</a></li><li>Import all the codes that are contained in <a href="http://hl7.org/fhir/R4/valueset-organization-type.html">http://hl7.org/fhir/ValueSet/organization-type</a></li></ul></div>
  </text>
  <url value="http://mehi-ig.tranquildata.com/ValueSet/ConsentExchangeRelations"/>
  <version value="0.5.4"/>
  <name value="ConsentExchangeRelations"/>
  <title value="ConsentExchangeRelations"/>
  <status value="active"/>
  <date value="2021-12-12T21:17:13-06:00"/>
  <publisher value="MITRE, Inc"/>
  <contact>
    <name value="MITRE, Inc"/>
    <telecom>
      <system value="url"/>
      <value value="https://github.com/mehi/implementation-guide"/>
    </telecom>
  </contact>
  <description value="Consent Exchange - Relationships"/>
  <compose>
    <include>
      <valueSet value="http://hl7.org/fhir/ValueSet/relatedperson-relationshiptype"/>
    </include>
    <include>
      <valueSet value="http://hl7.org/fhir/ValueSet/practitioner-role"/>
    </include>
    <include>
      <valueSet value="http://hl7.org/fhir/ValueSet/participant-role"/>
    </include>
    <include>
      <valueSet value="http://hl7.org/fhir/ValueSet/security-role-type"/>
    </include>
    <include>
      <valueSet value="http://hl7.org/fhir/ValueSet/organization-type"/>
    </include>
  </compose>
</ValueSet>