{
  "resourceType": "CodeSystem",
  "id": "ConsentExchangeRelationships",
  "text": {
    "status": "generated",
    "div": "<div xmlns=\"http://www.w3.org/1999/xhtml\"><p>This code system http://mehi-ig.tranquildata.com/CodeSystem/ConsentExchangeRelationships defines the following codes:</p><table class=\"codes\"><tr><td style=\"white-space:nowrap\"><b>Code</b></td></tr></table></div>"
  },
  "url": "http://mehi-ig.tranquildata.com/CodeSystem/ConsentExchangeRelationships",
  "version": "0.5.4",
  "name": "ConsentExchangeRelationships",
  "title": "ConsentExchangeRelationships",
  "status": "active",
  "date": "2021-12-27T11:26:17-06:00",
  "publisher": "MITRE, Inc",
  "contact": [
    {
      "name": "MITRE, Inc",
      "telecom": [
        {
          "system": "url",
          "value": "https://github.com/mehi/implementation-guide"
        }
      ]
    }
  ],
  "description": "Relationships used to model and exchange consent relationships",
  "content": "complete"
}