{
  "resourceType": "Patient",
  "id": "jane-doe",
  "meta": {
    "versionId": "1",
    "lastUpdated": "2020-09-13T12:21:34.589+00:00",
    "source": "#mehi-consent-engine-reference-implementation",
    "profile": [
      "http://mehi-ig.tranquildata.com/StructureDefinition/consent-exchange-patient",
      "http://hl7.org/fhir/us/core/StructureDefinition/us-core-patient"
    ]
  },
  "text": {
    "status": "extensions",
    "div": "<div xmlns=\"http://www.w3.org/1999/xhtml\"><p><b>Generated Narrative</b></p><blockquote><p><b>US Core Race Extension</b></p><p><b>value</b>: <span title=\"{urn:oid:2.16.840.1.113883.6.238 2106-3}\">White</span></p><p><b>value</b>: <span title=\"{urn:oid:2.16.840.1.113883.6.238 1002-5}\">American Indian or Alaska Native</span></p></blockquote><blockquote><p><b>US Core Ethnicity Extension</b></p><p><b>value</b>: <span title=\"{http://hl7.org/fhir/us/core/ValueSet/omb-ethnicity 2186-5}\">Non Hispanic or Latino</span></p><p><b>value</b>: Non Hispanic or Latino</p></blockquote><p><b>US Core Birth Sex Extension</b>: F</p><p><b>identifier</b>: Medical Record Number: 1042001 (USUAL)</p><p><b>active</b>: true</p><p><b>name</b>: JANE DOE </p><p><b>telecom</b>: ph: 747-555-7474(HOME)</p><p><b>gender</b>: female</p><p><b>birthDate</b>: 2001-01-15</p><p><b>generalPractitioner</b>: <a href=\"Practitioner-practitioner-alice-yin.html\">Dr. Alice Yin. Generated Summary: active; ALICE YIN ; Phone: 555-555-8818; gender: female; birthDate: 1972-09-04</a></p><p><b>managingOrganization</b>: <a href=\"Organization-org-together-health.html\">Together Health. Generated Summary: active; name: Together Health</a></p></div>"
  },
  "extension": [
    {
      "extension": [
        {
          "url": "ombCategory",
          "valueCoding": {
            "system": "urn:oid:2.16.840.1.113883.6.238",
            "code": "2106-3",
            "display": "White"
          }
        },
        {
          "url": "ombCategory",
          "valueCoding": {
            "system": "urn:oid:2.16.840.1.113883.6.238",
            "code": "1002-5",
            "display": "American Indian or Alaska Native"
          }
        },
        {
          "url": "ombCategory"
        }
      ],
      "url": "http://hl7.org/fhir/us/core/StructureDefinition/us-core-race"
    },
    {
      "extension": [
        {
          "url": "ombCategory",
          "valueCoding": {
            "system": "http://hl7.org/fhir/us/core/ValueSet/omb-ethnicity",
            "code": "2186-5",
            "display": "Non Hispanic or Latino"
          }
        },
        {
          "url": "detailed",
          "valueString": "Non Hispanic or Latino"
        }
      ],
      "url": "http://hl7.org/fhir/us/core/StructureDefinition/us-core-ethnicity"
    },
    {
      "url": "http://hl7.org/fhir/us/core/StructureDefinition/us-core-birthsex",
      "valueCode": "F"
    }
  ],
  "identifier": [
    {
      "use": "usual",
      "type": {
        "coding": [
          {
            "system": "http://terminology.hl7.org/CodeSystem/v2-0203",
            "code": "MR",
            "display": "Medical Record Number"
          }
        ],
        "text": "Medical Record Number"
      },
      "system": "http://hospital.smarthealthit.org",
      "value": "1042001"
    }
  ],
  "active": true,
  "name": [
    {
      "family": "DOE",
      "given": [
        "JANE"
      ]
    }
  ],
  "telecom": [
    {
      "system": "phone",
      "value": "747-555-7474",
      "use": "home"
    }
  ],
  "gender": "female",
  "birthDate": "2001-01-15",
  "generalPractitioner": [
    {
      "reference": "Practitioner/practitioner-alice-yin",
      "display": "Dr. Alice Yin"
    }
  ],
  "managingOrganization": {
    "reference": "Organization/org-together-health",
    "display": "Together Health"
  }
}