<?xml version="1.0" encoding="UTF-8"?>

<RelatedPerson xmlns="http://hl7.org/fhir">
  <id value="stranger-001"/>
  <text>
    <status value="generated"/><div xmlns="http://www.w3.org/1999/xhtml"><p><br><b>A random stranger</b></p><p>This record is intended to have no relationship to the patient in the use case or testing scenario. The intention is to have a record that the test runner can confirm is NOT accessible. Primarily intended for access control and null case testing.</p><p><b>active</b>: true</p><p><b>patient</b>: <a href="http://fhir.org/packages/us.nlm.vsac/Patient/nobody/expansion">Nobody</a></p><p><b>name</b>: RANDOM STRANGER</p><p><b>telecom</b>: ph: 212-555-1253(HOME)</p><p><b>gender</b>: female</p><p><b>birthDate</b>: 1983-01-14</p></div>
  </text>
  <active value="true"/>
  <patient>
    <reference value="Patient/nobody"/>
    <display value="Nobody"/>
  </patient>
  <name>
    <family value="STRANGER"/>
    <given value="RANDOM"/>
  </name>
  <telecom>
    <system value="phone"/>
    <value value="212-555-1253"/>
    <use value="home"/>
  </telecom>
  <gender value="female"/>
  <birthDate value="1983-01-14"/>
</RelatedPerson>