{"resourceType":"CodeSystem","id":"PayorToPayorExchangePolicyCodes","text":{"status":"generated","div":"<div xmlns=\"http://www.w3.org/1999/xhtml\"><p>This code system http://mehi-ig.tranquildata.com/CodeSystem/PayorToPayorExchangePolicyCodes defines the following codes:</p><table class=\"codes\"><tr><td style=\"white-space:nowrap\"><b>Code</b></td><td><b>Display</b></td></tr><tr><td style=\"white-space:nowrap\">CMS-9115-P<a name=\"PayorToPayorExchangePolicyCodes-CMS-9115-P\"> </a></td><td>CMS Interoperability and Patient Access proposed rule</td></tr><tr><td style=\"white-space:nowrap\">CMS-9115-F<a name=\"PayorToPayorExchangePolicyCodes-CMS-9115-F\"> </a></td><td>CMS Interoperability and Patient Access final rule</td></tr><tr><td style=\"white-space:nowrap\">CMS-9123-P<a name=\"PayorToPayorExchangePolicyCodes-CMS-9123-P\"> </a></td><td>CMS Reducing Provider and Patient Burdern proposed rule</td></tr><tr><td style=\"white-space:nowrap\">CMS-9123-F<a name=\"PayorToPayorExchangePolicyCodes-CMS-9123-F\"> </a></td><td>CMS Reducing Provider and Patient Burdern final rule</td></tr></table></div>"},"url":"http://mehi-ig.tranquildata.com/CodeSystem/PayorToPayorExchangePolicyCodes","version":"0.5.4","name":"PayorToPayorExchangePolicyCodes","title":"PayorToPayorExchangePolicyCodes","status":"active","date":"2021-12-27T11:26:17-06:00","publisher":"MITRE, Inc","contact":[{"name":"MITRE, Inc","telecom":[{"system":"url","value":"https://github.com/mehi/implementation-guide"}]}],"description":"Policy codes used to define legal frameworks under which consent exchange occurs between payors.","content":"complete","count":4,"concept":[{"code":"CMS-9115-P","display":"CMS Interoperability and Patient Access proposed rule"},{"code":"CMS-9115-F","display":"CMS Interoperability and Patient Access final rule"},{"code":"CMS-9123-P","display":"CMS Reducing Provider and Patient Burdern proposed rule"},{"code":"CMS-9123-F","display":"CMS Reducing Provider and Patient Burdern final rule"}]}