{"resourceType":"ValueSet","id":"consent-exchange-scope-codes","text":{"status":"extensions","div":"<div xmlns=\"http://www.w3.org/1999/xhtml\"><p>This value set includes codes based on the following rules:</p><ul><li>Import all the codes that are contained in <a href=\"http://terminology.hl7.org/3.0.0/ValueSet-consent-scope.html\">http://terminology.hl7.org/ValueSet/consent-scope</a></li></ul><p>This value set excludes codes based on the following rules:</p><ul><li>Exclude these codes as defined in <a href=\"http://terminology.hl7.org/3.0.0/CodeSystem-consentscope.html\"><code>http://terminology.hl7.org/CodeSystem/consentscope</code></a><table class=\"none\"><tr><td style=\"white-space:nowrap\"><b>Code</b></td><td><b>Display</b></td><td><b>Definition</b></td></tr><tr><td><a href=\"http://terminology.hl7.org/3.0.0/CodeSystem-consentscope.html#consentscope-research\">research</a></td><td>Research</td><td>Consent to participate in research protocol and information sharing required</td></tr><tr><td><a href=\"http://terminology.hl7.org/3.0.0/CodeSystem-consentscope.html#consentscope-treatment\">treatment</a></td><td>Treatment</td><td>Consent to undergo a specific treatment</td></tr></table></li></ul></div>"},"url":"http://mehi-ig.tranquildata.com/ValueSet/consent-exchange-scope-codes","version":"0.5.4","name":"ConsentExchangeScopeCodes","title":"ConsentExchangeScopeCodes","status":"active","date":"2021-12-27T11:26:17-06:00","publisher":"MITRE, Inc","contact":[{"name":"MITRE, Inc","telecom":[{"system":"url","value":"https://github.com/mehi/implementation-guide"}]}],"description":"Consent Exchange - Scope Codes","compose":{"include":[{"valueSet":["http://terminology.hl7.org/ValueSet/consent-scope"]}],"exclude":[{"system":"http://terminology.hl7.org/CodeSystem/consentscope","concept":[{"code":"research"},{"code":"treatment"}]}]}}