{"resourceType":"ValueSet","id":"ConsentExchangeRelations","text":{"status":"generated","div":"<div xmlns=\"http://www.w3.org/1999/xhtml\"><p>This value set includes codes based on the following rules:</p><ul><li>Import all the codes that are contained in <a href=\"http://hl7.org/fhir/R4/valueset-relatedperson-relationshiptype.html\">http://hl7.org/fhir/ValueSet/relatedperson-relationshiptype</a></li><li>Import all the codes that are contained in <a href=\"http://hl7.org/fhir/R4/valueset-practitioner-role.html\">http://hl7.org/fhir/ValueSet/practitioner-role</a></li><li>Import all the codes that are contained in <a href=\"http://hl7.org/fhir/R4/valueset-participant-role.html\">http://hl7.org/fhir/ValueSet/participant-role</a></li><li>Import all the codes that are contained in <a href=\"http://hl7.org/fhir/R4/valueset-security-role-type.html\">http://hl7.org/fhir/ValueSet/security-role-type</a></li><li>Import all the codes that are contained in <a href=\"http://hl7.org/fhir/R4/valueset-organization-type.html\">http://hl7.org/fhir/ValueSet/organization-type</a></li></ul></div>"},"url":"http://mehi-ig.tranquildata.com/ValueSet/ConsentExchangeRelations","version":"0.5.4","name":"ConsentExchangeRelations","title":"ConsentExchangeRelations","status":"active","date":"2021-12-27T11:26:17-06:00","publisher":"MITRE, Inc","contact":[{"name":"MITRE, Inc","telecom":[{"system":"url","value":"https://github.com/mehi/implementation-guide"}]}],"description":"Consent Exchange - Relationships","compose":{"include":[{"valueSet":["http://hl7.org/fhir/ValueSet/relatedperson-relationshiptype"]},{"valueSet":["http://hl7.org/fhir/ValueSet/practitioner-role"]},{"valueSet":["http://hl7.org/fhir/ValueSet/participant-role"]},{"valueSet":["http://hl7.org/fhir/ValueSet/security-role-type"]},{"valueSet":["http://hl7.org/fhir/ValueSet/organization-type"]}]}}