{"resourceType":"ValueSet","id":"ConsentExchangePolicies","text":{"status":"generated","div":"<div xmlns=\"http://www.w3.org/1999/xhtml\"><p>This value set includes codes based on the following rules:</p><ul><li>Include all codes defined in <a href=\"CodeSystem-PayorToPayorExchangePolicyCodes.html\"><code>http://mehi-ig.tranquildata.com/CodeSystem/PayorToPayorExchangePolicyCodes</code></a></li><li>Import all the codes that are contained in <a href=\"http://hl7.org/fhir/R4/valueset-consent-policy.html\">http://hl7.org/fhir/ValueSet/consent-policy</a></li></ul></div>"},"url":"http://mehi-ig.tranquildata.com/ValueSet/ConsentExchangePolicies","version":"0.5.4","name":"ConsentExchangePolicies","title":"ConsentExchangePolicies","status":"active","date":"2021-12-27T11:26:17-06:00","publisher":"MITRE, Inc","contact":[{"name":"MITRE, Inc","telecom":[{"system":"url","value":"https://github.com/mehi/implementation-guide"}]}],"description":"Consent Exchange - Policies","compose":{"include":[{"system":"http://mehi-ig.tranquildata.com/CodeSystem/PayorToPayorExchangePolicyCodes"},{"valueSet":["http://hl7.org/fhir/ValueSet/consent-policy"]}]}}