{
  "resourceType": "Medication",
  "id": "estrodiol-contraceptive",
  "text": {
    "status": "generated",
    "div": "<div xmlns=\"http://www.w3.org/1999/xhtml\"><p><b>Generated Narrative</b></p><p><b>status</b>: active</p><p><b>form</b>: <span title=\"Codes: {http://snomed.info/sct 385055001}\">Tablet dose form (qualifier value)</span></p><h3>Ingredients</h3><table class=\"grid\"><tr><td>-</td><td><b>Item[x]</b></td><td><b>Strength</b></td></tr><tr><td>*</td><td><span title=\"Codes: {http://www.nlm.nih.gov/research/umls/rxnorm 24395}\">Estradiol valerate</span></td><td>2 mg/1 TAB</td></tr></table></div>"
  },
  "status": "active",
  "form": {
    "coding": [
      {
        "system": "http://snomed.info/sct",
        "code": "385055001",
        "display": "Tablet dose form (qualifier value)"
      }
    ]
  },
  "ingredient": [
    {
      "itemCodeableConcept": {
        "coding": [
          {
            "system": "http://www.nlm.nih.gov/research/umls/rxnorm",
            "code": "24395",
            "display": "Estradiol valerate"
          }
        ]
      },
      "strength": {
        "numerator": {
          "value": 2,
          "system": "http://unitsofmeasure.org",
          "code": "mg"
        },
        "denominator": {
          "value": 1,
          "system": "http://terminology.hl7.org/CodeSystem/v3-orderableDrugForm",
          "code": "TAB"
        }
      }
    }
  ]
}